Wall time,Step,Value
1689538556.4653964,12288,-5365.73486328125
1689538563.3049877,14336,-4922.39404296875
1689538590.5035286,22528,-4559.2861328125
1689538596.6800961,24576,-4513.5625
1689538616.9051247,30720,-4572.20849609375
1689538623.6158435,32768,-4681.9853515625
1689538643.9115748,38912,-4652.90380859375
1689538650.5019064,40960,-4657.3828125
1689538656.989887,43008,-4680.93115234375
1689538684.61802,51200,-4754.06982421875
1689538746.328424,69632,-4614.0400390625
1689538765.7470207,75776,-4517.19970703125
1689538792.77155,83968,-4543.31689453125
1689538806.2251513,88064,-4545.10107421875
1689538819.7110443,92160,-4455.0634765625
1689538826.6422324,94208,-4356.90869140625
1689538840.3542984,98304,-4302.01611328125
1689538862.9566162,102400,-4346.23486328125
1689538890.349732,110592,-4195.32080078125
1689538897.077578,112640,-4157.2021484375
1689538903.768282,114688,-4119.5400390625
1689538910.4099135,116736,-4098.12939453125
1689538916.9906096,118784,-4077.958251953125
1689538957.5925202,131072,-3969.083984375
1689538971.2604673,135168,-4020.497802734375
1689538978.1950645,137216,-4013.57861328125
1689538985.0830672,139264,-3942.3857421875
1689538992.2605991,141312,-3863.750732421875
1689539012.4571128,147456,-3848.341552734375
1689539019.534922,149504,-3816.46484375
1689539026.409285,151552,-3822.5634765625
1689539033.3851264,153600,-3806.104248046875
1689539066.1820917,163840,-3765.579833984375
1689539100.1783874,174080,-3803.911865234375
1689539120.4775496,180224,-3805.21142578125
1689539127.4492757,182272,-3752.802001953125
1689539167.200553,194560,-3705.78662109375
1689539225.94999,210944,-3604.5361328125
1689539246.448394,217088,-3479.2255859375
1689539253.4599729,219136,-3408.574462890625
1689539300.895791,233472,-3150.12744140625
1689539321.1686492,239616,-3118.66845703125
1689539334.9792342,243712,-3147.1396484375
1689539382.0713727,258048,-3068.8212890625
1689539388.9027505,260096,-3084.70751953125
1689539409.7038355,266240,-3101.619873046875
1689539416.4944649,268288,-3138.064453125
1689539464.1416636,282624,-3049.31298828125
1689539477.591209,286720,-3112.239990234375
1689539491.1774454,290816,-3045.00048828125
1689539497.8735528,292864,-3063.36865234375
1689539504.3882558,294912,-3084.154296875
1689539560.9370658,309248,-3112.9951171875
1689539594.7498002,319488,-3090.6904296875
1689539608.2252653,323584,-3101.771728515625
1689539615.33494,325632,-3088.561279296875
1689539622.555773,327680,-3025.24658203125
1689539642.5524402,333824,-3005.761474609375
1689539661.6582675,339968,-3003.126708984375
1689539674.8367193,344064,-2978.5654296875
1689539681.7039135,346112,-2920.078125
1689539702.8078938,352256,-2893.267822265625
1689539743.1461577,364544,-2918.566650390625
1689539749.9613104,366592,-2953.114990234375
1689539763.823856,370688,-2970.783935546875
1689539784.3154957,376832,-3013.81396484375
1689539797.8379564,380928,-3005.218505859375
1689539804.6033735,382976,-2989.08349609375
1689539817.4845395,387072,-2951.478515625
1689539830.977304,391168,-2956.537353515625
1689539837.5675356,393216,-2983.239013671875
1689539893.330556,407552,-3005.23046875
1689539948.0206733,423936,-2850.448974609375
1689539955.0398145,425984,-2800.591796875
1689539961.7674797,428032,-2817.489013671875
1689539987.850254,436224,-2733.99951171875
1689540055.9503899,456704,-2455.40283203125
1689540062.965837,458752,-2408.297607421875
1689540076.33734,462848,-2413.4775390625
1689540089.7604578,466944,-2414.895263671875
1689540103.631723,471040,-2459.126220703125
1689540123.84102,477184,-2473.25048828125
1689540130.0422623,479232,-2475.323974609375
1689540136.7652295,481280,-2462.115478515625
1689540156.0428143,487424,-2516.925537109375
1689540230.3152757,507904,-2572.18017578125
1689540243.8911755,512000,-2534.39013671875
1689540284.275633,524288,-2581.338134765625
1689540304.3182535,530432,-2515.33984375
1689540311.353882,532480,-2515.42431640625
1689540318.2748282,534528,-2531.6474609375
1689540325.1775782,536576,-2526.73583984375
1689540338.0939536,540672,-2560.779296875
1689540364.698776,548864,-2497.496826171875
1689540378.7212749,552960,-2499.841064453125
1689540392.3504179,557056,-2470.634521484375
1689540406.452864,561152,-2447.0009765625
1689540441.753271,571392,-2374.620849609375
1689540483.4371421,583680,-2322.289794921875
1689540530.9783854,598016,-2324.44140625
1689540545.744789,600064,-2341.6220703125
1689540579.3906674,610304,-2353.546875
1689540586.3490415,612352,-2355.450439453125
1689540607.3606515,618496,-2372.91064453125
1689540614.0764854,620544,-2351.053466796875
1689540621.0941737,622592,-2361.860595703125
1689540648.4975739,630784,-2263.795166015625
1689540655.4814525,632832,-2241.3935546875
1689540669.6130714,636928,-2226.45654296875
1689540690.5302393,643072,-2146.954833984375
1689540718.069168,651264,-2091.74267578125
1689540724.883455,653312,-2049.239501953125
1689540731.1757512,655360,-2061.76806640625
1689540738.2050915,657408,-2071.742919921875
1689540751.9909537,661504,-2041.80517578125
1689540772.8910837,667648,-2064.4990234375
1689540779.9505935,669696,-2068.310302734375
1689540786.5184634,671744,-2114.70947265625
1689540807.6043558,677888,-2108.55126953125
1689540828.2806306,684032,-2149.68408203125
1689540870.3070633,696320,-2086.270751953125
1689540887.8303115,700416,-2114.181884765625
1689540908.0658722,706560,-2087.313720703125
1689540914.7789712,708608,-2098.709228515625
1689540928.08805,712704,-2073.462890625
1689540935.145312,714752,-2077.65283203125
1689540969.5510604,724992,-2141.288818359375
1689540976.573534,727040,-2135.634521484375
1689541003.8464885,735232,-2182.801513671875
1689541017.7268028,739328,-2234.026123046875
1689541038.2265441,745472,-2293.3779296875
1689541064.9870996,753664,-2203.359375
1689541092.351851,761856,-2176.982666015625
1689541105.4127574,765952,-2177.20556640625
1689541132.4691236,774144,-2284.469482421875
1689541139.290333,776192,-2308.922607421875
1689541146.0210798,778240,-2329.26513671875
1689541159.8922868,782336,-2376.1689453125
1689541166.8792124,784384,-2417.335693359375
1689541194.4332683,792576,-2592.0205078125
1689541201.2640674,794624,-2607.89990234375
1689541235.4225047,802816,-2787.05712890625
1689541242.50312,804864,-2822.2998046875
1689541249.569846,806912,-2845.50732421875
1689541317.3327243,827392,-2604.019775390625
1689541350.917534,837632,-2466.47998046875
1689541398.795323,851968,-2283.2373046875
1689541405.9185526,854016,-2286.60986328125
1689541440.1390095,864256,-2273.907470703125
1689541447.2239823,866304,-2327.162353515625
1689541460.825095,870400,-2238.570068359375
1689541474.2081506,874496,-2227.361328125
1689541500.8574655,882688,-2170.26513671875
1689541566.503036,901120,-1959.4803466796875
1689541580.072075,905216,-1983.828857421875
1689541586.9779522,907264,-1999.727294921875
1689541608.0855906,913408,-1937.6527099609375
1689541648.6581976,925696,-1928.9146728515625
1689541696.435739,940032,-1802.94287109375
1689541703.2850406,942080,-1798.3604736328125
1689541710.2236054,944128,-1793.074462890625
1689541717.3712943,946176,-1811.686767578125
1689541731.2237957,950272,-1821.3140869140625
1689541738.308073,952320,-1859.634521484375
1689541758.8283913,958464,-1879.10009765625
1689541765.812147,960512,-1859.21875
1689541799.791011,970752,-1775.70703125
1689541806.9517198,972800,-1812.512939453125
1689541880.595748,995328,-1542.4566650390625
1689541903.9476287,1001472,-1524.1971435546875
1689541910.8515408,1003520,-1555.176513671875
1689541924.9880736,1007616,-1544.06201171875
1689541938.3775375,1011712,-1478.1585693359375
1689541958.6309984,1017856,-1573.9569091796875
1689542033.7238848,1040384,-1585.3726806640625
1689542061.975054,1048576,-1590.4085693359375
1689542068.597288,1050624,-1550.393310546875
1689542082.7491019,1054720,-1531.3572998046875
1689542096.6195242,1058816,-1560.314208984375
1689542103.5554407,1060864,-1530.709716796875
1689542117.504509,1064960,-1542.7388916015625
1689542151.8572142,1075200,-1725.4000244140625
1689542158.8117409,1077248,-1644.091552734375
1689542199.590378,1089536,-1662.4744873046875
1689542213.621313,1093632,-1669.4744873046875
1689542220.54584,1095680,-1665.5523681640625
1689542227.5410361,1097728,-1671.3843994140625
1689542234.5204842,1099776,-1639.6737060546875
1689542244.863816,1101824,-1635.1798095703125
1689542251.789846,1103872,-1627.3604736328125
1689542265.6488903,1107968,-1591.29052734375
1689542272.6112185,1110016,-1609.447998046875
1689542279.4444168,1112064,-1606.923583984375
1689542313.350422,1122304,-1450.541748046875
1689542320.0617127,1124352,-1449.7730712890625
1689542326.78635,1126400,-1478.4822998046875
1689542340.355062,1130496,-1396.6826171875
1689542367.8709595,1138688,-1360.412841796875
1689542381.5501206,1142784,-1324.221923828125
1689542395.3865976,1146880,-1349.5802001953125
1689542422.9945438,1155072,-1322.57470703125
1689542429.9403124,1157120,-1343.8115234375
1689542436.9476514,1159168,-1285.259033203125
1689542464.807581,1167360,-1360.4066162109375
1689542491.3650856,1175552,-1361.601318359375
1689542498.3987887,1177600,-1335.4737548828125
1689542519.1845455,1183744,-1357.2716064453125
1689542532.9367054,1187840,-1407.504150390625
1689542539.8938525,1189888,-1397.083251953125
1689542546.998481,1191936,-1398.2694091796875
1689542554.0228329,1193984,-1391.0037841796875
1689542560.8518155,1196032,-1394.7554931640625
1689542567.7479787,1198080,-1395.53173828125
1689542584.4769695,1202176,-1402.1673583984375
1689542591.6135716,1204224,-1424.5322265625
1689542625.991063,1214464,-1379.9735107421875
1689542632.3756163,1216512,-1354.3878173828125
1689542653.2538602,1222656,-1337.1756591796875
1689542660.2057915,1224704,-1331.0172119140625
1689542680.833869,1230848,-1323.3721923828125
1689542694.8038135,1234944,-1362.65478515625
1689542721.8531308,1243136,-1332.0390625
1689542735.767641,1247232,-1298.9508056640625
1689542750.0882716,1251328,-1331.1807861328125
1689542764.0131965,1255424,-1239.3218994140625
1689542783.8068254,1261568,-1205.3236083984375
1689542810.715036,1269760,-1171.9287109375
1689542817.7604659,1271808,-1202.276123046875
1689542831.8546622,1275904,-1274.7169189453125
1689542852.954944,1282048,-1221.6182861328125
1689542880.790268,1290240,-1325.3782958984375
1689542918.7257314,1300480,-1400.99560546875
1689542966.2954333,1314816,-1352.5001220703125
1689542973.5084507,1316864,-1388.9268798828125
1689542987.145191,1320960,-1378.299560546875
1689542994.1791303,1323008,-1315.8033447265625
1689543001.3890843,1325056,-1321.443115234375
1689543008.3868263,1327104,-1273.0872802734375
1689543015.4026117,1329152,-1261.742919921875
1689543022.004982,1331200,-1217.1463623046875
1689543043.3437283,1337344,-1279.8297119140625
1689543071.6435282,1345536,-1259.176513671875
1689543078.5716317,1347584,-1286.2510986328125
1689543105.380265,1355776,-1319.2828369140625
1689543126.963215,1361920,-1427.9715576171875
1689543140.818463,1366016,-1392.855224609375
1689543154.7373576,1370112,-1388.795654296875
1689543176.202022,1376256,-1400.51708984375
1689543183.4488869,1378304,-1357.772705078125
1689543190.461966,1380352,-1341.5987548828125
1689543197.6149337,1382400,-1342.503662109375
1689543204.6866736,1384448,-1325.61572265625
1689543218.8031998,1388544,-1267.1544189453125
1689543225.9671578,1390592,-1214.1002197265625
1689543233.1350975,1392640,-1274.9383544921875
1689543246.4881043,1396736,-1244.2625732421875
1689543253.3813958,1398784,-1258.14111328125
1689543261.8624487,1400832,-1256.9794921875
1689543268.787266,1402880,-1224.7535400390625
1689543283.1893573,1406976,-1339.76708984375
1689543297.5431066,1411072,-1350.0316162109375
1689543304.5693746,1413120,-1362.80224609375
1689543353.186842,1427456,-1262.052001953125
1689543374.1393075,1433600,-1252.71337890625
1689543381.2425325,1435648,-1302.1783447265625
1689543388.3208544,1437696,-1301.214599609375
1689543402.16944,1441792,-1370.855224609375
1689543422.0737002,1447936,-1254.843994140625
1689543435.8004506,1452032,-1246.492431640625
1689543450.2074769,1456128,-1253.343017578125
1689543478.774903,1464320,-1273.7503662109375
1689543507.2969766,1472512,-1407.565185546875
1689543528.758024,1478656,-1520.821533203125
1689543535.9113576,1480704,-1534.29296875
1689543542.6833594,1482752,-1513.1815185546875
1689543549.661641,1484800,-1475.4873046875
1689543557.0474463,1486848,-1429.35986328125
1689543591.3105607,1497088,-1318.3426513671875
1689543636.5541842,1509376,-1283.036865234375
1689543650.6883857,1513472,-1381.05078125
1689543657.9268787,1515520,-1364.5833740234375
1689543665.099957,1517568,-1400.947998046875
1689543685.5473351,1523712,-1486.472900390625
1689543706.0591521,1529856,-1370.3656005859375
1689543713.1021068,1531904,-1385.912109375
1689543733.8781104,1538048,-1391.5557861328125
1689543740.6137378,1540096,-1337.3770751953125
1689543747.258184,1542144,-1312.21484375
1689543761.2138155,1546240,-1251.9344482421875
1689543775.731457,1550336,-1250.57177734375
1689543818.3002625,1562624,-1248.2802734375
1689543839.5600498,1568768,-1267.705322265625
1689543846.2942145,1570816,-1321.4716796875
1689543867.0253072,1576960,-1348.4515380859375
1689543874.1281888,1579008,-1386.62451171875
1689543880.7247899,1581056,-1403.712890625
1689543894.3179564,1585152,-1412.0758056640625
1689543900.6680732,1587200,-1410.462646484375
1689543907.4475632,1589248,-1401.6116943359375
1689543942.4084382,1599488,-1431.880126953125
1689543972.9199,1607680,-1443.4083251953125
1689543979.679318,1609728,-1455.1639404296875
1689543993.3983572,1613824,-1433.3895263671875
1689544007.4446495,1617920,-1421.9453125
1689544021.432748,1622016,-1353.681396484375
1689544028.5782743,1624064,-1308.0328369140625
1689544035.770933,1626112,-1291.5152587890625
1689544042.3864284,1628160,-1213.7794189453125
1689544048.7795963,1630208,-1223.3170166015625
1689544069.3386486,1636352,-1157.9989013671875
1689544083.4097195,1640448,-1163.6085205078125
1689544097.426059,1644544,-1218.7626953125
1689544118.1781843,1650688,-1196.7274169921875
1689544132.5373445,1654784,-1262.5694580078125
1689544139.0820415,1656832,-1253.525634765625
1689544146.1881769,1658880,-1342.66064453125
1689544173.754413,1667072,-1291.886474609375
1689544187.945611,1671168,-1340.1915283203125
1689544195.0768943,1673216,-1339.2344970703125
1689544208.5685704,1677312,-1455.555908203125
1689544228.3068485,1683456,-1519.2877197265625
1689544255.9731524,1691648,-1645.121826171875
1689544276.303722,1697792,-1714.430419921875
1689544300.021613,1703936,-1701.3673095703125
1689544306.652674,1705984,-1691.3206787109375
1689544320.5762942,1710080,-1597.172119140625
1689544334.737494,1714176,-1606.98388671875
1689544348.5566678,1718272,-1603.671630859375
1689544383.2702305,1728512,-1636.4498291015625
1689544404.367127,1734656,-1719.2958984375
1689544411.0862486,1736704,-1671.1683349609375
1689544417.9811282,1738752,-1726.8271484375
1689544438.8009875,1744896,-1742.8638916015625
1689544480.0646105,1757184,-1504.8331298828125
1689544494.5033789,1761280,-1546.6956787109375
1689544501.6292999,1763328,-1515.34619140625
1689544508.6359222,1765376,-1440.111328125
1689544522.390738,1769472,-1368.2451171875
1689544550.0036914,1777664,-1441.328369140625
1689544563.8820946,1781760,-1512.3077392578125
1689544570.7213638,1783808,-1503.2269287109375
1689544598.771184,1792000,-1552.2967529296875
1689544605.7074146,1794048,-1497.8231201171875
1689544612.9318323,1796096,-1546.3309326171875
1689544619.6764073,1798144,-1537.617431640625
1689544643.7022538,1804288,-1430.6768798828125
1689544650.9596055,1806336,-1374.244384765625
1689544657.9820313,1808384,-1320.9610595703125
1689544671.8534725,1812480,-1340.810791015625
1689544692.9766295,1818624,-1395.042236328125
1689544705.9499404,1822720,-1449.4251708984375
1689544713.089107,1824768,-1462.6923828125
1689544727.1451995,1828864,-1483.9774169921875
1689544734.315568,1830912,-1516.0606689453125
1689544755.6085835,1837056,-1453.9671630859375
1689544776.6616144,1843200,-1471.8023681640625
1689544783.3478806,1845248,-1471.78466796875
1689544832.8606222,1859584,-1553.880126953125
1689544839.8986976,1861632,-1561.74560546875
1689544846.7279327,1863680,-1552.77392578125
1689544853.3369017,1865728,-1599.509765625
1689544866.6263134,1869824,-1545.6583251953125
1689544873.6554117,1871872,-1485.158935546875
1689544887.4175673,1875968,-1447.59619140625
1689544894.5187929,1878016,-1451.6689453125
1689544901.268803,1880064,-1441.868896484375
1689544922.7823913,1886208,-1529.5445556640625
1689544929.923723,1888256,-1534.716064453125
1689544937.2011201,1890304,-1534.2109375
1689544944.4910452,1892352,-1563.6824951171875
1689544958.5828798,1896448,-1564.927978515625
1689545003.49419,1908736,-1475.6199951171875
1689545010.198917,1910784,-1450.0946044921875
1689545031.071522,1916928,-1401.4521484375
1689545080.4727213,1931264,-1293.263916015625
1689545101.6247256,1937408,-1296.739013671875
1689545151.3728673,1951744,-1491.273193359375
1689545158.2998104,1953792,-1485.124267578125
1689545164.7746646,1955840,-1499.891845703125
1689545178.7335715,1959936,-1511.8701171875
1689545185.7826116,1961984,-1425.4332275390625
1689545192.6193457,1964032,-1353.697021484375
1689545213.8676624,1970176,-1325.5714111328125
1689545220.958377,1972224,-1319.322265625
1689545234.506041,1976320,-1354.156982421875
1689545248.7084851,1980416,-1247.7962646484375
1689545255.7950354,1982464,-1212.9151611328125
1689545283.9110107,1990656,-1231.161865234375
1689545290.9036381,1992704,-1148.783447265625
1689545320.6351888,2000896,-1116.2449951171875
1689545327.4103794,2002944,-1071.810546875
1689545334.41981,2004992,-1074.959716796875
1689545341.581671,2007040,-1072.322021484375
1689545363.0814903,2013184,-1089.0860595703125
1689545370.0293303,2015232,-1125.2371826171875
1689545376.5698357,2017280,-1212.7298583984375
1689545397.1423512,2023424,-1244.0096435546875
1689545404.2748232,2025472,-1274.4598388671875
1689545460.65059,2041856,-1315.7431640625
1689545488.9141638,2050048,-1325.941162109375
1689545502.7212565,2054144,-1230.5482177734375
1689545516.8458514,2058240,-1241.06005859375
1689545523.7233994,2060288,-1247.5257568359375
1689545544.9484162,2066432,-1196.7642822265625
1689545552.0833266,2068480,-1153.3472900390625
1689545565.8874393,2072576,-1185.974609375
1689545572.8225515,2074624,-1196.927734375
1689545579.6505723,2076672,-1262.8411865234375
1689545586.7189286,2078720,-1294.073486328125
1689545608.0401971,2084864,-1248.311279296875
1689545667.3280182,2101248,-1353.9114990234375
1689545681.4950733,2105344,-1328.8603515625
1689545695.7738585,2109440,-1310.93017578125
1689545709.1880598,2113536,-1303.760498046875
1689545715.9048963,2115584,-1282.8157958984375
1689545723.0563543,2117632,-1245.5
1689545737.3388836,2121728,-1295.06640625
1689545751.018036,2125824,-1293.4586181640625
1689545757.9577262,2127872,-1372.4664306640625
1689545764.3586555,2129920,-1381.6759033203125
1689545785.2044976,2136064,-1382.0516357421875
1689545799.4821377,2140160,-1399.150146484375
1689545848.230848,2154496,-1296.741455078125
1689545855.3320148,2156544,-1327.056396484375
1689545875.9846482,2162688,-1281.524658203125
1689545889.3093925,2166784,-1285.6168212890625
1689545930.7176383,2179072,-1138.427490234375
1689545937.3999922,2181120,-1082.678955078125
1689545950.9311173,2185216,-1084.49267578125
1689545964.9960415,2189312,-1067.913818359375
1689545992.9686627,2197504,-1167.997314453125
1689546023.284316,2205696,-1207.2371826171875
1689546037.1824746,2209792,-1221.2801513671875
1689546050.5125065,2213888,-1299.3099365234375
1689546071.0914285,2220032,-1171.5877685546875
1689546078.1214788,2222080,-1227.8280029296875
1689546084.7210314,2224128,-1227.1204833984375
1689546091.7862797,2226176,-1233.44775390625
1689546132.547341,2238464,-1265.2119140625
1689546139.485825,2240512,-1341.35595703125
1689546180.2845275,2252800,-1392.18505859375
1689546194.602036,2256896,-1362.8612060546875
1689546208.5837197,2260992,-1455.3475341796875
1689546215.1267745,2263040,-1437.14501953125
1689546222.2273452,2265088,-1400.23681640625
1689546285.2895684,2283520,-1253.55322265625
1689546299.1822023,2287616,-1231.1295166015625
1689546319.4510562,2293760,-1185.880126953125
1689546349.9606626,2301952,-1223.306884765625
1689546364.306877,2306048,-1246.6287841796875
1689546371.4359057,2308096,-1218.2698974609375
1689546399.4371357,2316288,-1224.327880859375
1689546406.0752606,2318336,-1185.1741943359375
1689546420.1083207,2322432,-1194.96044921875
1689546427.29029,2324480,-1203.4407958984375
1689546434.6538093,2326528,-1135.9749755859375
1689546454.887698,2332672,-1172.641845703125
1689546461.955082,2334720,-1162.255615234375
1689546530.8560581,2355200,-1226.7332763671875
1689546544.9872584,2359296,-1244.598876953125
1689546551.6464365,2361344,-1190.7034912109375
1689546572.8271015,2367488,-1155.50732421875
1689546579.4722476,2369536,-1111.6871337890625
1689546586.4677708,2371584,-1104.385498046875
1689546607.1175551,2377728,-1086.5421142578125
1689546614.2054732,2379776,-1010.4306640625
1689546620.8275359,2381824,-1039.5010986328125
1689546726.940459,2412544,-1188.5689697265625
1689546748.0798788,2418688,-1216.039794921875
1689546761.9156427,2422784,-1245.6214599609375
1689546768.925473,2424832,-1236.857177734375
1689546782.515778,2428928,-1190.627685546875
1689546789.64281,2430976,-1192.0137939453125
1689546809.9641216,2437120,-1240.4559326171875
1689546831.0944405,2443264,-1304.3768310546875
1689546837.8820426,2445312,-1323.089111328125
1689546844.9177446,2447360,-1323.014892578125
1689546851.4307895,2449408,-1322.591552734375
1689546864.7044632,2453504,-1303.0673828125
1689546878.948071,2457600,-1333.87353515625
1689546893.3486493,2461696,-1283.8173828125
1689546907.3525298,2465792,-1230.433349609375
1689546914.3547292,2467840,-1146.0693359375
1689546928.422348,2471936,-1167.576904296875
1689546941.861955,2476032,-1186.9803466796875
1689546956.2690523,2480128,-1186.619384765625
1689546963.366088,2482176,-1175.9862060546875
1689546970.3222904,2484224,-1133.6011962890625
1689546977.172649,2486272,-1117.30419921875
1689546983.8330727,2488320,-1095.6156005859375
1689547055.3007104,2508800,-1084.4659423828125
1689547083.3728874,2516992,-1206.4129638671875
1689547111.2012854,2525184,-1123.9462890625
1689547117.832816,2527232,-1127.2142333984375
1689547124.5903971,2529280,-1120.7220458984375
1689547137.9333453,2533376,-1128.0538330078125
1689547159.37456,2539520,-1145.27392578125
1689547180.6373925,2545664,-1218.88427734375
1689547194.613103,2549760,-1183.590087890625
1689547208.6243553,2553856,-1171.0047607421875
1689547215.2956502,2555904,-1179.08837890625
1689547229.6260717,2560000,-1176.348876953125
1689547257.7535753,2568192,-1111.95703125
1689547264.8899574,2570240,-1132.7197265625
1689547271.5674012,2572288,-1142.2174072265625
1689547285.2553227,2576384,-1150.59765625
1689547292.3068032,2578432,-1141.134521484375
1689547313.7106087,2584576,-1203.1256103515625
1689547320.7675712,2586624,-1140.8419189453125
1689547327.6297178,2588672,-1164.078857421875
1689547334.7907574,2590720,-1181.2269287109375
1689547348.6870427,2594816,-1149.943359375
1689547385.5359607,2605056,-1197.081298828125
1689547392.5725307,2607104,-1216.1336669921875
1689547406.4841373,2611200,-1228.3619384765625
1689547434.4936166,2619392,-1275.762451171875
1689547441.5835626,2621440,-1294.4959716796875
1689547455.1326573,2625536,-1281.556884765625
1689547483.5970752,2633728,-1154.471923828125
1689547497.5460825,2637824,-1137.9737548828125
1689547525.104612,2646016,-1155.2445068359375
1689547532.158611,2648064,-1230.367919921875
1689547539.3531601,2650112,-1238.3980712890625
1689547546.4433002,2652160,-1292.3577880859375
1689547560.8493304,2656256,-1339.8348388671875
1689547582.0613222,2662400,-1321.9599609375
1689547589.136259,2664448,-1257.08056640625
1689547603.2292037,2668544,-1194.519287109375
1689547610.2818286,2670592,-1212.5269775390625
1689547617.2246966,2672640,-1167.6390380859375
1689547660.3647947,2684928,-1147.1263427734375
1689547673.5433128,2689024,-1201.6961669921875
1689547679.9870028,2691072,-1254.0244140625
1689547693.8633456,2695168,-1326.9195556640625
1689547700.8663292,2697216,-1313.2034912109375
1689547724.7188787,2703360,-1291.633544921875
1689547731.7673714,2705408,-1269.097900390625
1689547765.6110454,2715648,-1215.91357421875
1689547772.2457814,2717696,-1151.8758544921875
1689547779.4081397,2719744,-1135.010986328125
1689547800.9083073,2725888,-1243.8907470703125
1689547814.6426628,2729984,-1291.12890625
1689547821.5100584,2732032,-1264.177001953125
1689547828.264212,2734080,-1239.71826171875
1689547835.1165695,2736128,-1259.0111083984375
1689547841.5477228,2738176,-1295.9246826171875
1689547848.1456587,2740224,-1295.6876220703125
1689547890.0598333,2752512,-1120.1541748046875
1689547925.7248309,2762752,-1308.6136474609375
1689547932.7692697,2764800,-1264.310546875
1689547939.7334502,2766848,-1254.0987548828125
1689547946.825863,2768896,-1326.66845703125
1689547974.5162895,2777088,-1295.8485107421875
1689548001.6673293,2785280,-1094.0897216796875
1689548015.6419864,2789376,-1053.130126953125
1689548022.6901245,2791424,-1124.41796875
1689548051.474737,2799616,-1144.2481689453125
1689548082.867143,2807808,-1239.8533935546875
1689548132.6670034,2822144,-1127.6358642578125
1689548146.0929925,2826240,-1109.8966064453125
1689548166.9041777,2832384,-1061.9095458984375
1689548180.6545122,2836480,-1032.81884765625
1689548187.748523,2838528,-1033.615478515625
1689548201.6233065,2842624,-1009.5423583984375
1689548208.7023375,2844672,-969.75146484375
1689548215.8564754,2846720,-963.1065673828125
1689548230.180614,2850816,-969.2882080078125
1689548237.5538497,2852864,-1059.547119140625
1689548258.9869428,2859008,-1122.0562744140625
1689548376.582973,2893824,-1287.6243896484375
1689548383.7193098,2895872,-1346.4727783203125
1689548390.8875494,2897920,-1336.15478515625
1689548397.6857636,2899968,-1296.4053955078125
1689548428.4696887,2908160,-1155.31640625
1689548449.4478295,2914304,-1128.28173828125
1689548456.468179,2916352,-1139.2403564453125
1689548476.5617025,2922496,-1124.6612548828125
1689548483.2488697,2924544,-1144.1195068359375
1689548490.4379718,2926592,-1172.4747314453125
1689548519.1048048,2934784,-1248.9737548828125
1689548526.1052694,2936832,-1234.0142822265625
1689548533.318593,2938880,-1211.71875
1689548546.832784,2942976,-1230.161376953125
1689548554.093852,2945024,-1152.8546142578125
1689548561.3406217,2947072,-1147.921630859375
1689548575.6981306,2951168,-1215.12451171875
1689548589.4827008,2955264,-1254.2996826171875
1689548629.949551,2967552,-1332.3377685546875
1689548643.3603854,2971648,-1260.16845703125
1689548678.052944,2981888,-1100.265869140625
1689548684.6399863,2983936,-1102.5107421875
1689548748.906152,3002368,-1033.900146484375
1689548755.5836024,3004416,-1089.132568359375
1689548831.6365447,3026944,-1254.4774169921875
1689548859.70535,3035136,-1326.306640625
1689548866.7559457,3037184,-1248.6656494140625
1689548887.4944887,3043328,-1229.6024169921875
1689548894.522865,3045376,-1208.90625
1689548915.3980117,3051520,-1207.92578125
1689548929.375371,3055616,-1146.8197021484375
1689548936.1115575,3057664,-1132.814453125
1689548942.7670326,3059712,-1157.5810546875
1689548991.411493,3074048,-1172.59375
1689548998.5330172,3076096,-1179.1007080078125
1689549005.2809,3078144,-1182.0767822265625
1689549011.9885848,3080192,-1131.3150634765625
1689549025.3696225,3084288,-1160.13134765625
1689549032.032868,3086336,-1108.28125
1689549045.4281251,3090432,-1085.85498046875
1689549052.5482616,3092480,-1065.7276611328125
1689549059.525075,3094528,-1047.510009765625
1689549066.7374325,3096576,-1036.348388671875
1689549104.3394845,3106816,-1085.323486328125
1689549118.2290967,3110912,-1068.989013671875
1689549153.176978,3121152,-1160.3681640625
1689549160.3124485,3123200,-1134.4447021484375
1689549181.3738348,3129344,-1121.1094970703125
1689549229.6633077,3143680,-1070.295654296875
1689549243.6913311,3147776,-1127.1453857421875
1689549313.3656046,3168256,-1123.72607421875
1689549327.065145,3172352,-1154.9998779296875
1689549334.0782359,3174400,-1165.1243896484375
1689549347.993899,3178496,-1133.2109375
1689549355.1259913,3180544,-1116.15576171875
1689549369.362004,3184640,-1191.016357421875
1689549376.063488,3186688,-1227.719970703125
1689549416.7221124,3198976,-1041.576416015625
1689549426.3566542,3201024,-1045.393310546875
1689549468.228294,3213312,-1144.1358642578125
1689549475.3423707,3215360,-1167.2586669921875
1689549538.5225937,3233792,-1066.859619140625
1689549566.338838,3241984,-1031.972900390625
1689549579.9322639,3246080,-1033.2247314453125
1689549608.2477229,3254272,-996.3270263671875
1689549649.940342,3266560,-1163.45947265625
1689549663.9930897,3270656,-1187.716552734375
1689549671.070744,3272704,-1190.974365234375
1689549685.3801453,3276800,-1115.8668212890625
1689549706.2326272,3282944,-1141.9212646484375
1689549720.3392859,3287040,-1138.6221923828125
1689549727.3994732,3289088,-1127.749755859375
1689549754.6581469,3297280,-1000.914794921875
1689549761.3311317,3299328,-1049.532470703125
1689549777.9000146,3303424,-1073.2716064453125
1689549784.5795052,3305472,-1085.181884765625
1689549791.7134805,3307520,-1048.8944091796875
1689549798.9504144,3309568,-1147.153076171875
1689549819.9916904,3315712,-1138.6734619140625
1689549827.0532377,3317760,-1118.778564453125
1689549834.2674778,3319808,-1195.6690673828125
1689549862.6390457,3328000,-1208.213623046875
1689549876.3413181,3332096,-1164.8619384765625
1689549883.3705072,3334144,-1146.926513671875
1689549890.5277307,3336192,-1172.255126953125
1689549904.1542382,3340288,-1181.994873046875
1689549918.5077631,3344384,-1211.4620361328125
1689549932.5338957,3348480,-1247.5147705078125
1689549952.4059181,3354624,-1272.289794921875
1689549973.2722342,3360768,-1171.7001953125
1689549980.3802545,3362816,-1217.2862548828125
1689549987.6309626,3364864,-1181.9561767578125
1689550008.508245,3371008,-1161.62451171875
1689550022.6096585,3375104,-1189.6209716796875
1689550029.8141127,3377152,-1186.7757568359375
1689550050.8504682,3383296,-1255.8255615234375
1689550057.9825158,3385344,-1263.63330078125
1689550077.7885177,3391488,-1200.1285400390625
1689550098.4170432,3397632,-1185.1751708984375
1689550105.5384076,3399680,-1162.964599609375
1689550114.8951836,3401728,-1126.8663330078125
1689550121.5760887,3403776,-1086.1373291015625
1689550142.08439,3409920,-1053.3021240234375
1689550170.3034816,3418112,-1057.104248046875
1689550184.0596948,3422208,-1022.8082885742188
1689550191.2573154,3424256,-975.636474609375
1689550198.345863,3426304,-969.2411499023438
1689550219.521517,3432448,-1035.7449951171875
1689550226.273704,3434496,-1066.9039306640625
1689550239.7379494,3438592,-1023.5936889648438
1689550268.4386308,3446784,-1070.84619140625
1689550275.4073086,3448832,-1077.4481201171875
1689550282.3988075,3450880,-1107.6800537109375
1689550303.4179766,3457024,-1139.2607421875
1689550330.30148,3465216,-1178.6201171875
1689550336.7336934,3467264,-1194.8367919921875
1689550350.7563074,3471360,-1181.0018310546875
1689550357.7582498,3473408,-1171.7176513671875
1689550364.9282043,3475456,-1198.73046875
1689550372.090893,3477504,-1166.9515380859375
1689550386.3492017,3481600,-1135.0347900390625
1689550408.1210232,3487744,-1112.7005615234375
1689550415.15485,3489792,-1162.8468017578125
1689550422.2545562,3491840,-1100.87158203125
1689550429.216089,3493888,-1071.5958251953125
1689550459.3491843,3502080,-1172.2127685546875
1689550466.5294771,3504128,-1206.41064453125
1689550500.7156,3514368,-1221.7127685546875
1689550515.2418196,3518464,-1263.92138671875
1689550522.117421,3520512,-1267.8675537109375
1689550528.5948951,3522560,-1278.6536865234375
1689550557.1894608,3530752,-1146.800048828125
1689550578.1047647,3536896,-1092.6171875
1689550592.2094557,3540992,-1101.1285400390625
1689550613.3011386,3547136,-1055.800537109375
1689550620.0184402,3549184,-1079.393798828125
1689550627.104622,3551232,-1072.3555908203125
1689550634.4587765,3553280,-1078.8905029296875
1689550641.368937,3555328,-1059.5384521484375
1689550655.6309361,3559424,-1040.671142578125
1689550668.8468244,3563520,-1069.960205078125
1689550689.4854834,3569664,-1134.4005126953125
1689550696.4941547,3571712,-1154.5869140625
1689550710.3433769,3575808,-1160.8560791015625
1689550717.0624578,3577856,-1172.912353515625
1689550723.9324095,3579904,-1172.577392578125
1689550744.6699102,3586048,-1084.0643310546875
1689550758.8893769,3590144,-1088.8255615234375
1689550765.9988682,3592192,-1072.3900146484375
1689550773.2635381,3594240,-1082.4644775390625
1689550780.0220308,3596288,-1126.642578125
1689550830.7807639,3610624,-1171.0045166015625
1689550837.5772579,3612672,-1171.33837890625
1689550858.6932101,3618816,-1103.5634765625
1689550893.3903024,3629056,-1013.1807861328125
1689550921.2631102,3637248,-995.694091796875
1689550935.0219982,3641344,-1001.418212890625
1689550963.2308748,3649536,-1000.6824340820312
1689550970.1006193,3651584,-1047.8988037109375
1689550983.269314,3655680,-1032.58056640625
1689551010.9103537,3663872,-1094.5762939453125
1689551017.6966696,3665920,-1177.2442626953125
1689551024.9610999,3667968,-1143.8951416015625
1689551039.2614036,3672064,-1242.6151123046875
1689551046.4002311,3674112,-1245.8382568359375
1689551053.3432531,3676160,-1229.681396484375
1689551081.6909573,3684352,-1206.7137451171875
1689551109.820868,3692544,-1181.45751953125
1689551123.922877,3696640,-1062.1163330078125
1689551130.2955189,3698688,-1034.4014892578125
1689551145.974138,3702784,-987.5192260742188
1689551187.3534741,3715072,-1013.03662109375
1689551193.9963417,3717120,-1053.2479248046875
1689551214.3672247,3723264,-1064.61669921875
1689551235.7518828,3729408,-1064.685302734375
1689551263.8334906,3737600,-1135.3558349609375
1689551277.297636,3741696,-1204.7830810546875
1689551304.5392017,3749888,-1308.152587890625
1689551332.447951,3758080,-1244.76806640625
1689551339.5735376,3760128,-1272.9365234375
1689551346.7506888,3762176,-1253.9974365234375
1689551374.3283193,3770368,-1161.7232666015625
1689551380.8878207,3772416,-1153.9642333984375
1689551402.0763884,3778560,-1085.0386962890625
1689551408.9864151,3780608,-1107.168701171875
1689551415.979576,3782656,-1127.748291015625
1689551436.6330767,3788800,-1154.91748046875
1689551456.2641547,3794944,-1192.8575439453125
1689551463.0179586,3796992,-1223.8096923828125
1689551478.834824,3801088,-1237.029541015625
1689551492.7527344,3805184,-1280.4007568359375
1689551499.6976776,3807232,-1315.25244140625
1689551506.3901336,3809280,-1337.1717529296875
1689551554.6210284,3823616,-1143.43701171875
1689551568.8220842,3827712,-1135.4366455078125
1689551575.4133668,3829760,-1173.2821044921875
1689551616.1053839,3842048,-1216.123291015625
1689551622.5483081,3844096,-1234.8333740234375
1689551628.9895184,3846144,-1245.70947265625
1689551635.9420257,3848192,-1231.614990234375
1689551642.684912,3850240,-1243.1390380859375
1689551656.7769737,3854336,-1266.989990234375
1689551677.3480175,3860480,-1244.511962890625
1689551725.632167,3874816,-1230.89501953125
1689551732.6533122,3876864,-1237.335205078125
1689551739.792115,3878912,-1259.7305908203125
1689551801.1090617,3897344,-1199.79931640625
1689551824.4165583,3903488,-1195.6109619140625
1689551831.1534827,3905536,-1186.430419921875
1689551858.8324304,3913728,-1258.323974609375
1689551865.8295074,3915776,-1292.0928955078125
1689551872.901588,3917824,-1276.8245849609375
1689551879.730394,3919872,-1285.81396484375
1689551900.957834,3926016,-1149.4266357421875
1689551907.9112122,3928064,-1174.3101806640625
1689551915.1757636,3930112,-1179.6011962890625
1689551922.1821156,3932160,-1138.150146484375
1689551949.0217733,3940352,-1046.285400390625
1689551955.9894285,3942400,-1028.6427001953125
1689551962.7879586,3944448,-1081.683349609375
1689551983.8139207,3950592,-1153.0771484375
1689551998.1255815,3954688,-1143.304443359375
1689552012.3375523,3958784,-1151.959716796875
1689552026.1359549,3962880,-1164.2777099609375
1689552033.273376,3964928,-1182.9566650390625
1689552040.5148432,3966976,-1192.010986328125
1689552054.4332345,3971072,-1184.08203125
1689552061.0334396,3973120,-1109.930908203125
1689552095.7075894,3983360,-1099.519287109375
1689552115.9523401,3989504,-1042.33154296875
1689552129.748647,3993600,-1069.0125732421875
1689552150.4229834,3999744,-1132.4486083984375
1689552173.5926478,4005888,-1117.982421875
1689552180.6608992,4007936,-1183.9674072265625
1689552194.7622852,4012032,-1218.3895263671875
1689552208.9584339,4016128,-1275.6146240234375
1689552251.0996156,4028416,-1100.1407470703125
1689552257.8523831,4030464,-1131.6502685546875
1689552270.989798,4034560,-1075.029541015625
1689552285.0999637,4038656,-1036.331787109375
1689552320.287134,4048896,-1118.2296142578125
1689552347.9750552,4057088,-1132.87548828125
1689552354.963108,4059136,-1096.008544921875
1689552362.1692383,4061184,-1135.6671142578125
1689552369.269608,4063232,-1124.07373046875
1689552453.2714949,4087808,-1282.2459716796875
1689552467.5098147,4091904,-1213.4974365234375
1689552481.4632175,4096000,-1302.9368896484375
1689552498.3414664,4100096,-1343.9107666015625
1689552526.643614,4108288,-1304.08740234375
1689552533.7652435,4110336,-1298.733642578125
1689552540.5209124,4112384,-1330.036865234375
1689552547.3251557,4114432,-1332.18896484375
1689552554.1771464,4116480,-1348.0770263671875
1689552561.1459348,4118528,-1301.137451171875
1689552567.9885938,4120576,-1236.79638671875
1689552581.5420609,4124672,-1182.870361328125
1689552588.4065266,4126720,-1171.0047607421875
1689552595.4710817,4128768,-1136.17626953125
1689552609.744798,4132864,-1173.27880859375
1689552644.394705,4143104,-1186.094970703125
1689552665.1866248,4149248,-1277.024169921875
1689552679.010814,4153344,-1242.6409912109375
1689552686.2041337,4155392,-1204.78369140625
1689552700.661853,4159488,-1219.6583251953125
1689552722.219858,4165632,-1178.22802734375
1689552742.6517885,4171776,-1164.752197265625
1689552756.4084525,4175872,-1122.4918212890625
1689552777.2290704,4182016,-1153.0335693359375
1689552783.8430617,4184064,-1173.489501953125
1689552798.002228,4188160,-1112.594970703125
1689552805.1298711,4190208,-1097.935546875
1689552826.0457368,4196352,-1216.468017578125
1689552842.3603833,4200448,-1309.287109375
1689552849.1654937,4202496,-1359.1214599609375
1689552904.9348228,4218880,-1388.8138427734375
1689552912.0798523,4220928,-1385.43408203125
1689552926.2350335,4225024,-1279.2342529296875
1689552961.2469218,4235264,-1281.7451171875
1689552996.0980844,4245504,-1220.5426025390625
1689553003.043826,4247552,-1222.0089111328125
1689553010.1488066,4249600,-1214.3343505859375
1689553024.6610575,4253696,-1303.5328369140625
1689553031.3705454,4255744,-1326.7100830078125
1689553044.8291366,4259840,-1274.3111572265625
1689553058.1506143,4263936,-1184.5010986328125
1689553079.3011043,4270080,-1170.9698486328125
1689553086.5222776,4272128,-1195.309326171875
1689553114.0614033,4280320,-1150.5733642578125
1689553149.08024,4290560,-1229.7528076171875
1689553163.202878,4294656,-1268.3790283203125
1689553207.1326406,4306944,-1210.3994140625
1689553213.9999528,4308992,-1230.935791015625
1689553220.817546,4311040,-1239.620361328125
1689553227.837865,4313088,-1209.6021728515625
1689553234.5311399,4315136,-1207.5343017578125
1689553254.8981152,4321280,-1126.68115234375
1689553268.9251056,4325376,-1103.456787109375
1689553290.2896192,4331520,-1263.5634765625
1689553297.4290662,4333568,-1327.9930419921875
1689553318.5571685,4339712,-1421.2099609375
1689553333.0754828,4343808,-1432.0107421875
1689553347.2227683,4347904,-1478.8968505859375
1689553354.247896,4349952,-1509.8170166015625
1689553361.028232,4352000,-1519.489990234375
1689553388.4751189,4360192,-1382.0245361328125
1689553416.3936112,4368384,-1416.1942138671875
1689553423.5635922,4370432,-1414.2757568359375
1689553430.730187,4372480,-1451.8642578125
1689553458.6603124,4380672,-1416.8604736328125
1689553465.7954943,4382720,-1443.0855712890625
1689553479.88753,4386816,-1468.60107421875
1689553486.5419455,4388864,-1438.693115234375
1689553500.5054529,4392960,-1454.75390625
1689553507.528149,4395008,-1478.6871337890625
1689553514.5393908,4397056,-1482.9345703125
1689553530.4253292,4401152,-1407.3353271484375
1689553537.218283,4403200,-1350.6236572265625
1689553543.8347082,4405248,-1344.50390625
1689553551.04163,4407296,-1329.3411865234375
1689553572.2603087,4413440,-1321.0775146484375
1689553586.1149757,4417536,-1365.709228515625
1689553593.235985,4419584,-1361.8563232421875
1689553635.8294725,4431872,-1460.9351806640625
1689553643.06094,4433920,-1408.9874267578125
1689553649.807939,4435968,-1333.678466796875
1689553677.888615,4444160,-1223.5128173828125
1689553690.8137562,4448256,-1196.3831787109375
1689553704.5652046,4452352,-1131.567138671875
1689553731.8729024,4460544,-1196.9637451171875
1689553781.406609,4474880,-1369.92236328125
1689553802.2704763,4481024,-1342.57080078125
1689553816.06847,4485120,-1356.85302734375
1689553830.098087,4489216,-1322.153076171875
1689553837.3131905,4491264,-1328.8463134765625
1689553851.308826,4495360,-1324.8140869140625
1689553865.5125163,4499456,-1257.1817626953125
1689553881.781642,4503552,-1232.0135498046875
1689553888.9425933,4505600,-1209.570068359375
1689553895.8590991,4507648,-1228.3990478515625
1689553916.259259,4513792,-1249.5975341796875
1689553923.135148,4515840,-1347.8927001953125
1689553944.498796,4521984,-1436.848876953125
1689553951.0614436,4524032,-1491.2459716796875
1689553971.8631651,4530176,-1568.5101318359375
1689553992.9777272,4536320,-1590.919921875
1689554020.4560094,4544512,-1515.9986572265625
1689554062.7294087,4556800,-1555.5478515625
1689554069.5331411,4558848,-1557.95361328125
1689554090.4860742,4564992,-1628.8272705078125
1689554097.2672138,4567040,-1586.5787353515625
1689554111.323525,4571136,-1619.656005859375
1689554125.0705013,4575232,-1652.8316650390625
1689554131.6311197,4577280,-1685.681640625
1689554145.8947294,4581376,-1706.0748291015625
1689554152.548842,4583424,-1692.18701171875
1689554166.8919396,4587520,-1710.645263671875
1689554173.8825877,4589568,-1677.0269775390625
1689554180.8756368,4591616,-1666.8936767578125
1689554188.0419028,4593664,-1690.025634765625
1689554202.3929043,4597760,-1659.4765625
1689554218.9893796,4601856,-1625.1964111328125
1689554226.1585162,4603904,-1637.0750732421875
1689554253.9401932,4612096,-1606.7369384765625
1689554261.0922465,4614144,-1710.0047607421875
1689554274.475157,4618240,-1679.6431884765625
1689554295.0435512,4624384,-1819.9248046875
1689554309.2712939,4628480,-1836.8382568359375
1689554330.4262733,4634624,-1805.26416015625
1689554371.8225994,4646912,-1804.6656494140625
1689554413.0034714,4659200,-1604.1043701171875
1689554441.1575181,4667392,-1660.7364501953125
1689554462.0222821,4673536,-1675.585693359375
1689554496.3192039,4683776,-1751.9693603515625
1689554510.5868864,4687872,-1789.26708984375
1689554531.6446924,4694016,-1772.6593017578125
1689554576.0954654,4706304,-1723.5665283203125
1689554583.362007,4708352,-1714.625732421875
1689554597.4465668,4712448,-1674.5816650390625
1689554618.385882,4718592,-1653.710205078125
1689554639.644257,4724736,-1648.998291015625
1689554646.605157,4726784,-1713.2666015625
1689554653.384788,4728832,-1714.8115234375
1689554715.5132368,4747264,-1852.064208984375
1689554722.5204194,4749312,-1849.8101806640625
1689554729.681485,4751360,-1835.8583984375
1689554736.8128083,4753408,-1789.3321533203125
1689554750.889494,4757504,-1772.1519775390625
1689554764.77294,4761600,-1769.3043212890625
1689554784.8606243,4767744,-1799.120361328125
1689554792.0444732,4769792,-1793.6123046875
1689554820.369972,4777984,-1732.2359619140625
1689554834.3355887,4782080,-1843.4935302734375
1689554841.1120358,4784128,-1845.06982421875
1689554847.5416658,4786176,-1834.7696533203125
1689554854.4537926,4788224,-1855.5775146484375
1689554913.6826253,4804608,-1875.7188720703125
1689554976.086226,4823040,-1861.6414794921875
1689554989.967859,4827136,-1892.903564453125
1689555010.874826,4833280,-1885.6090087890625
1689555045.2075512,4843520,-1798.653076171875
1689555065.6166947,4849664,-1793.821533203125
1689555072.8651857,4851712,-1802.64697265625
1689555093.7398653,4857856,-1773.9893798828125
1689555100.4283524,4859904,-1765.560791015625
1689555121.6709762,4866048,-1736.8499755859375
1689555142.5462284,4872192,-1910.669189453125
1689555156.851003,4876288,-1927.1566162109375
1689555170.7643645,4880384,-1903.96923828125
1689555191.5368547,4886528,-1881.8602294921875
1689555211.9784021,4892672,-1790.7359619140625
1689555218.7343788,4894720,-1847.2978515625
1689555225.653751,4896768,-1841.4788818359375
1689555241.3562305,4900864,-1798.2431640625
1689555297.3945334,4917248,-1905.011474609375
1689555311.060364,4921344,-1912.34814453125
1689555325.1785288,4925440,-1912.2645263671875
1689555338.8246367,4929536,-1860.0789794921875
1689555373.1382284,4939776,-1909.5687255859375
1689555407.6481905,4950016,-1816.5341796875
1689555434.4352124,4958208,-1833.91796875
1689555462.2630417,4966400,-1682.933349609375
1689555469.3560762,4968448,-1671.8720703125
1689555476.5235932,4970496,-1638.90673828125
1689555503.7918506,4978688,-1627.0455322265625
1689555510.8065245,4980736,-1596.828125
1689555517.8905683,4982784,-1579.078125
1689555524.9823205,4984832,-1577.186767578125
1689555545.5402913,4990976,-1676.089599609375
1689555559.5367334,4995072,-1755.070068359375
1689555584.7747676,5001216,-1857.829345703125
